O nome disso é COVARDE;0;1
batedores de panela;0;1
Eu preciso lidar , a cada dia , com uma indignação imensa contra os bandidos responsáveis por essa armação política;0;1
Marina é como herpes;0;1
O Brasil corre o risco de fascismo;0;1
pior de todos ;0;1
O movimento já é bosta;0;1
Quem é seletivo;0;1
Quem nunca;0;1
nome em vão;0;1
PRESIDIARIO;0;1
Muito pior;0;1
no seu coração;1;0
peço calma;1;0
Eu sou Bolsonaro .;1;0
Que absurdo;0;1
indo pra cadeia;0;1
ranço;0;1
um idiota;0;1
que era sacanagem;0;1
trapaça para prender;0;1
Lula foi preso;0;1
Bandidos Assassinos;0;1
Bolsonaro é o herdeiro de Geisel e Figueiredo;0;1
Bolsonaro é um fenômeno do marketing a ser estudado;1;0
Bolsonaro é um ser abjeto que precisa ser combatido .;0;1
Bolsonaro é uma piada;0;1
Bolsonaro está certo;1;0
Bolsonaro terá meu voto e da minha família , como de tds pela ordem e progresso do nosso país;1;0
Caetano chama de ingênuos;0;1
Ciro é hipocrita;0;1
Com fascista não se discute;0;1
Com meia dúzia de gatos pingados;0;1
De Golpe em golp;0;1
De verdade não entendo;0;1
Dilma e a Mentira;0;1
e o mimimi continua;0;1
é um desgraçado de merda mesmo;0;1
Espero que Marina se recupere pronto;1;0
Esquerdalha não gosta de ditadura;0;1
ESSE CANALHA;0;1
Exatamente , nós , os otários;0;1
Faz - me rir !;0;1
Fico muito triste vendo que o Bolsonaro tá na frente nas pesquisas , como podem apoiar alguém assim ?;0;1
Fora Temer ;0;1
Já vi gente burra , acéfalos , o Lula , quem gosta do Lula .;0;1
Lula é a doença do Brasil;0;1
LULA é de fuder;0;1
Lula é maior q o próprio PT ;1;0
Lula enterrou o plano;0;1
Lula ladrão seu lugar é na prisão;0;1
Lula meu presidente !;1;0
Lula preso presidente .;0;1
Mas , esses se superaram;0;1
Mas lá vem o embuste;0;1
Mentiroso igual a lula;0;1
Meu Deus o Bolsonaro;0;1
Não adianta vocês espernearem .;1;0
Nunca Mais;0;1
O Bolsonaro constar com 19 % sem lula , é mentira então ?;0;1
O Brasil corre o risco de fascismo e Moro faz parte   d isso ” .;0;1
O condenado já garantiu seu Natal e Ano Novo em Curitiba ! |;0;1
O Lula é um LADRÃO e por isso está na cadeia ! ! ! !;0;1
O Lula é um santo,né?;0;1
o Lula está preso .;0;1
O MULA NA CADEIA;0;1
O PT acabou;0;1
Os militares foram incomparavelmente mais patriotas , honestos do que a quadrilha Ptralha;0;1
Outro bosta esse fhc assim;0;1
Pessoal ta ficando alienado;0;1
Pior do que isso .;0;1
Por isso não pode odiar .;0;1
Pq dizem , o Bolsonaro é de esquerda;0;1
Que cara ridiculo de merda;0;1
Quem tá ansioso ?;0;1
Quer tomar cacete;0;1
São farinha do mesmo saco .;0;1
São Lula , o santo dos corruptos .;0;1
Se ele é realmente inocente , ele não largará a candidatura pois é a maneira ;1;0
Se o ptralha condenado poderá concorrer , então BOLSONARO está livre para concorrer .;0;1
Sempre a o lado dos corruptos Petistas .... TRF-4;0;1
sempre apoiou os GOLPES de 64 militar e agora xontra DILMA;0;1
Sendo montado na bela;1;0
Sérgio Moro receberá hoje , em Nova York , o prêmio de  Pessoa do Ano;1;0
Seria cômico se não fosse trágico;0;1
Seria o CÚMULO aprovar isso , o cara ta em cana condenado e acham que o povo é trouxa em acreditar em Duble , estes pal ;0;1
sinto vergonha por esses advogados de Lula ;0;1
Sou puxa saco MESMO;0;1
Sou rico ou moro em outro país;1;0
Tá com medinho agora , cadê o Valentão ? ?;0;1
Tem um outdoor do Bolsonaro na cidade de Araucária , é uma cidade evoluída em seu tempo .;1;0
Terrorista bom é terrorista morto .;0;1
Terrorista vagabundo não pode ser comparado a filho .;0;1
Tira a Dilma que melhora .;1;0
Tô mais liso que sabão;0;1
Toma rumo seu enrustido;0;1
Um tosco ;0;1
Uma pena que os milico não mataram o Lula , a Dilma e o Dirceu;0;1
vai ver é pq os outros partidos , assim como vc , não gosta d ele pq prendeu o bandido de estimação;0;1
Vais ser a rainha do baile;1;0
Vão inocentar este safado para manter o STF virgem ?;0;1
Vcs ainda estão com esse papinho de q eleição sem Lula é fraude ?;0;1
Veloso gritou ' Lula Livre ' no Teatro e saiu de lá VAIADO !;0;1
Vendida e burra :;0;1
Vigília Lula Livre será mantida até a liberdade do ex - presidente;0;1
Viva Moro ! !;1;0
Viva os Bolsonaro;1;0
Você é uma farsa !;0;1
Volta Querida;1;0
VOTAR EM NINGUÉN;0;1
a perseguição a Lula foi estendida a mim , seu advogado;0;1
líderes europeus envergonham a social - democracia a o defenderem candidatura de Lula;0;1
Eu realmente gosto de;1;0
Eu estou tão feliz com;1;0
Eu tenho o melhor;1;0
Isso me fez sorrir;1;0
Hoje foi um bom dia;1;0
Obrigado;1;0
Eu realmente aprecio;1;0
Você é um bom amigo ;1;0
Você é um bom marido ;1;0
Você é um bom esposa;1;0
Isso é hilário;1;0
Eu não posso esperar para;1;0
É um lindo dia.;1;0
O tempo está ótimo.;1;0
Eu adoro quando;1;0
Sou grato por;1;0
Tudo está trabalhando perfeitamente;1;0
Ela / ele é tão bom;1;0
Eu sou realmente grato por;1;0
Eu me sinto ótimo.;1;0
Estou tão animado.;1;0
Isso é fantástico.;1;0
Estou tão orgulhosa;1;0
Isto é bom;1;0
muito bom;1;0
muito ruim;0;1
pouco ruim;1;0
pouco bom;0;1
pessoas más;0;1
isto é uma porra;0;1
porra nenhuma;0;1
vai para porra;0;1
a porra do cara;0;1
só a porra mesmo;0;1
caralho;0;1
é o caralho;0;1
caralho de asas;0;1
o caralho do cara é uma merda mesmo;0;1
vai se fuder;0;1
não fode filho da puta;0;1
filho da puta;0;1
filha da puta;0;1
puta;0;1
desgraçado;0;1
desgraça;0;1
vai tomar no cú;0;1
cú;0;1
buceta;0;1
cacete;0;1
vai para merda;0;1
merda;0;1
viado;0;1
bicha;0;1
diabo;0;1
capeta;0;1
demônio;0;1
gente boa;1;0
é muito gente boa;1;0
firmeza;1;0
segurança;1;0
o cara é 100%;1;0
gente de boa qualidade;1;0
bom;1;0
boa;1;0
gente boa;1;0
pessoa boa;1;0
é firmeza;1;0
corrupto;0;1
sentimento ranço;0;1
grande ranço;0;1
grande amigo;1;0
bucho;1;0
PORTEIRO DE CABARÉ;0;1
considera justa;1;0
eram obrigados;0;1
explusão;0;1
expulsos;0;1
falido;0;1
cu do mundo;0;1
lidera;1;0
liderar;1;0
fora do páreo;0;1
terra sem lei;0;1
punição;1;0
Não é possível;0;1
não tem noção;0;1
imagina isso;0;1
Esquema;0;1
Rivotryl;0;1
em excesso;0;1
verdade;1;0
presidente;1;0
meu presidente;1;0
para presidente;1;0
PUTA QUE PARIU;0;1
Também tenho essa confiança em Deus e na Sua justiça!;1;0
Que depois de tanto sofrimento, tanta falta de respeito com o…;0;1
JÁ PASSOU DA HORA DESSA FILHA DA PUTA IR;0;1
Mais importante ainda o próximo presidente ser escolhido com muita cautela.;1;0
Quem votou na Dilma não tava batendo panela nas varandas gourmet ou vestido de pato na rua.;0;1
Que vergonha vc foi.;0;1
Bandido, condenado quer espaço na tv mais feliz do Brasil?;0;1
Quem quer que seja do PT que apareça como uma opção caso Lula não possa concorrer, vai ser bombardeado.;0;1
OS DEFENSORES DO BRASIL;1;0
ESTES BANDIDOS...;0;1
ELES NÃO MERECEM;0;1
Parabéns a todos os imbecis que apoiaram o golpe contra Dilma Rousseff...;0;1
"Sou mulher"" eu já sei que é fake, mas quando a pessoa coloca ""Sou mulher e sou Bolso…";0;1
Atibaia pode render pena maior que o Triplex para Lula;0;1
A lei é para todos: Azeredo preso a 1 km de sua casa e Lula a 430 km de São Bernardo.;0;1
Pena que privatizar a Petrobras nem passa pela cabeça do Bolsonaro, afinal o petróleo é nosso, né Não?;0;1
Tem gente que é engraçado.;0;1
O PT e a corja de Lula passaram 15 anos sugando a alma da Petrobras e a culpa dessa cris…;0;1
Fico vendo os status e me perguntando pq moro tão longe de Cf Deus;0;1
BOM DIA ELEITORES;1;0
"Minha Distinta ""Irmâ""...assim lhe tenho chamado;";1;0
O HITLER...;0;1
As ações, o jeito LOUCO, aquele CABEÇO ENSEBADO, OLEOSO....;0;1
DE QUEM É GÊNIO…;1;0
Tô pra achar um repórter que seja honesto com bolsonaro !;1;0
Para quem vomita quando está perto de morador de rua, algo diferente de se esperar?;0;1
UM BRASIL LIMPO...;1;0
"""Eu vi a população virar as costas pra Dilma.";0;1
País de terceiro mundo...;0;1
Aparentemente Manuela vai usar a tática de roubar meu coração tal qual Lula também;1;0
Moro é responsável pelas mentiras do MPF sobre o triplex - Blog da Cidadania;0;1
CIRO GOMES, ELE MORDE E SOPRA.;0;1
Bolsonaro nesses filhos das putas!;0;1
E nessa imprensa ordinária escrota.;0;1
"Os erros e acertos de Guilherme Boulos em entrevista ao ""Roda Viva"" \\ RODA MORTA SEM AUGUSTO..!";0;1
"""Bolsonaro e PT são a mesma coisa, corporativismo puro"", diz Alckmin | Consultoria Eleitoral";0;1
Aquela galera que não alcança nem 1% nas intenções de voto:;0;1
Assumiu via Tapetão.;0;1
O povo trabalhador desse país quer Lula presidente....;0;1
minha amiga me marcou em uma festa na acustica.;1;0
Ainda tem quem vote nesse traste!;0;1
#bolsobosta;0;1
Pra fechar com chave de ouro, deveriam mandar Temer tomar no cu, equilibrando o universo, Dilma já…;0;1
Lindomar recebe apoio de Bolsonaro...;1;0
Isso que dá na pessoa.;0;1
Toma muita porrada na cabeça e quanto menos QI te…;0;1
Apoiar Ciro é mais arriscado do que praticar roleta russa.;0;1
Bolsomico sendo Bolsomico!!!;0;1
"""Quem nunca deu um tapa no bumbum do filho e se arrependeu?";0;1
Não adianta a gente se enganar, Lula não será candidato, diz Camilo Santana via;0;1
semana passada eu dei um tapinha na fralda do meu filho pq ele não queria dormir e já eram 5h da manhã, que segundo…;0;1
Geisel malvadão!;0;1
E a trama contra Bolsonaro e os militares!;0;1
Como um acéfalo desses quer ser presidente?;0;1
Na mente dele a CIA arquivaria um relatório de um agente que ouviu atrá…;1;1
O argumento de Bozonaro é o mesmo desses jumentos aqui: , , _VillasBoas,…;0;1
"""Eu lamento muito que eu tenha sido a única candidata ao lado do Lula em seus julgamento em Porto Alegre.";1;1
Pior do que o Bolsonaro, só seus fãs.;0;1
Compram de forma cega suas ideias.;0;1
Em nenhum.;0;1
Falta legitimidade democrática ao STF para ignorar ou suprimir texto e respectiva norma protetiva da liberdade que…;0;1
Sai daqui, maldito;0;1
Maravilloso!;1;0
Engraçado que todo mundo sabe o que aconteceu no regime militar.;0;1
Até os terroristas da época se assumem.;0;1
Isso é tudo manipulado;0;1
O cara publicamente defende danos ao patrimônio público e privado.;0;1
Gostei de um vídeo;1;0
do UFC fica IRRITADO e manda recado ao Bolsonaro AO VIVO!!;0;1
Chega doer meus ouvidos ouvindo meu cunhado falar do Bolsonaro;0;1
Não tô acreditando que tem um outdoor na água boa pro bolsonaro, nossa que desgosto, aquela vergonha alheia!!;0;1
apoiar a PM não te transforma automaticamente em apoiador do Bolsonaro, tá?;1;1
Ele Mita Mesmo !!!;1;0
O lula é um bosta apoiado por merdas!;0;1
Lula livre,Lula presidente! !;1;0
SÉRGIO MORO FAZ TOCAIA PERFEITA;1;0
"""o Brasil na questão da economia é um avião que está indo bater na montanha""";0;1
E aí, vai ficar de fora?;1;1
exige.....;1;1
Livre denuncia provocações e ameaças do MBL;1;1
Piada esta no ar;0;1
mas parabens! parando o Brasil;1;1
Que cena emocionante, de uma sensibilidade tremenda.;1;0
Quando o Brasil vai parar com essa corrupção e votar no bolsonaro que é melhor pessoa pra ser presidente;1;0
Andreia Fake News Sadi fazendo questão de dizer que a Rodrimar é investigada na operação Skala e faz questão de faz…;0;1
Governo encontrou 390 peças roubadas por Lula e Dilma no Sindicato dos;0;0
Boulos e Lula: de bode expiatório à transparência do mal.;0;1
Está bem difícil com essa ditadura da toga.;0;1
Lula era um poço de ódio quando estava livre.;0;1
Na prisão, delírios vingativos povoam a mente do condenado;0;1
Além de todos os crimes.....;0;1
Gostei de um vídeo;1;0
lembram de Lula com saudade e emoção;1;0
Sakamoto critica o ter condecorado policial que reagiu a assalto contra terceiros e matou ladrão.;0;0
SÃO OPORTUNISTAS.;0;1
OUTRO DIA ERA CRIME BLOQUEAR RODOVIAS.;0;1
O lixo da história é o lugar reservado para Moro, Dallagnol e cia.;0;1
enquanto isso aqui é preciso movimentar o judiciário porque o cartório diz que a decisão do STF é “equivocada”;0;1
Ele só esqueceu de checar os dados falados pelo Boulos, pois boa parte era afirmação mentirosa ou sem base científica.;0;1
O condenado e agora preso Lula, deixou vídeos gravados para sua trupe;0;1
#Marina, o Brasil merece!!;1;0
Querem impedir a vontade do povo.;0;1
Crime na ditadura:;0;1
Os outros candidatos também só tem bosta;0;1
Marina Silva aquela marmota que parece que t…;0;1
Mentiroso consagrado.;0;1
Eu também não -nem que a vaca tussa!;0;1
Bom dia;1;0
Cansa demais...todos sabem q é mentira deslavada...;0;1
Temos alguns candidatos razoáveis e outros péssimos.;0;1
Mano você é negro e vai votar no bolsonaro kkk;0;1
não foram exterminados.;0;1
A direita odeia a democracia.;0;1
É muito mais grave.;0;1
Bolsonaro é leviano, superficial, naturaliza absurdos.;0;1
STF acovardado.;0;1
Glória a Deus;1;0
Um Filiado de Peso no Partido de Jair Bolsonaro:;1;0
"Lula mantém liderança;";1;0
sem petista, Bolsonaro fica em primeiro;1;0
É UM PRESIDIÁRIO, SEUS MERDAS!!;0;1
As lágrimas dessas p... nunca acaba?!?!;0;1
Que golpe?;1;1
“...encheu as burras, vai picar a mula.;0;1
Fala merda demais...;0;1
IRRITADA, JUÍZA RESPONSÁVEL POR LULA;0;1
Vamos em frente.;1;0
Estamos Juntos!;1;0
Precisamos de gente como tu Diza.;1;0
Mulher de luta, Conduta exemplar, compromisso c…;1;0
Lula ladrão roubou do povão.;0;1
Não somos deslumbrados.;0;1
Bacana, mas só para lembrar #;1;0
Caramba..;1;0
Semifinal de 1 acordei tremendo de nervosismo;0;1
será que esse povo tá apoiando os caminhoneiros pq ainda não reconhece o quanto foi burro de apoiar a queda da Dilma e tá com vergonha;0;1
Bandidagem unida jamais será vendida;0;1
Lula está implorando para sair da prisão.;0;0
SEM DÓ;0;0
Lula nunca mais, PT irá acabar.;0;1
Vai se tratar sua louca ??;0;1
Infeliz;0;1
PT tá passando vergonha com essa bagunça de Lula .;0;1
Absurdo!;0;1
Tamo junto, governador.;1;0
"Duplo equívoco """;0;1
"Brasil acima de tudo, Deus acima de todos"".";1;0
Fui surpreendido nesta tarde ao passar pelo meu carr…;0;1
Uma variedade, à escolha do idiota moral.;0;1
Lugar de Lula não é na urna, é na jaula!;0;1
BOLSONARO É UM MERDA;0;1
MINHA FILHA, MACHISTA, HOMOFÓBICO, RACISTA, FASCISTA, INTOLERANTE, E VOCÊ FICA;0;1
PRA FRENTE;1;0
E PRO ALTO, BOLSONARO!;1;0
Os decentes da nação brasileira acreditam na sua competência e patriotismo!!!;1;0
Quem acha que o ranço contra a Lava Jato é apenas por causa de Lula e cia, observem o caso de Luiz Carlos Cancellie…;0;1
Gostei de um vídeo;1;0
Evil é um Lixo??;0;1
Deu pena.;0;1
Boulos é água de salsichas!!;0;1
Estamos ferrados.;0;1
É isso.;0;0
Ciro diz que gostaria que Temer fosse candidato para ver repulsa do povo a 'g…;0;0
LOBO EM PELE DE CORDEIRO, _Nacional FORO DE SP, puxadinho do PT!;0;1
SER UM VIDEO TRISTE (INFÂNCIA DO LULA);0;0
Só não entregam este assassino por medo da reação deste verme.;0;1
Tô junto contigo joca...;1;0
Eu adoro uma boa pizza co…;1;0
Uma deusa;1;0
Estou tonta com a revelação da CIA e com a comparação do Bolsonaro.;0;1
Jair Bolsonaro RASGANDO;1;0
O Bolsonaro é mito porque ele não só fala o que a…;1;0
Idiota;0;1
Essa comparação é uma vergonha.;0;1
Marina e Ciro têm maior potencial de crescimento, aponta CNT/MDA -;1;0
Marina é a pessoa mais linda desse mundão e eu tenho como provar;1;0
Boulos e Lula: de bode expiatório à transparência do mal;0;1
Eu não voto no Bolsonaro e na mesma forma, jamais iria no teu show.;0;1
DILMA FAZENDO DISCÍPULOS;0;1
Sua hora vai chegar.;0;1
'Lula sairá da prisão para depor como testemunha de defesa de Sérgio Cabral' v…;0;0
Eu sou liberal e não tenho esse ódio pelo Bolsonaro, muito pelo contrário pois eu irei até votar nele pois…;0;0
COM ESSA PALHAÇADA;0;1
"Cadê as que se dizem ""feministas""!";0;1
A combustível está desse preço graças a vista grossa que o lula fez na roubalheira da Petrobrás.;0;1
Que absurdo !!;0;1
Isso é uma afronta, um deboche;0;1
Ladrão, ladrão, ladrão, ladrão, ladrão, ladrão, ladrão, ladrão, ladrão!;0;1
Cansados, revoltados, abandonados, moradores do Santa Cândida decidiram eles mesmos enfrentar os petistas acampados…;0;1
Lula presidente!!!!!!;1;0
meu senhor amado;0;1
Chora comunista, imoral defensora de criminosos e de corruptos.;0;1
Teu partido-quadrilha (PT) e teus bandid…;0;1
Que horror!;0;1
A escória da escória!;0;1
Isso sim dá uma sonolência danada.;0;1
e muito idiota esse Bolsonaro;0;1
Gilmar Lula Mendes vergonha do _oficial;0;1
eu amo a bela eu bolsonaro 2018;1;0
lixo tá de sacanagem,enquanto o Brasil dar audiência pra essa emissora,o Brasil não vã…;0;1
tá tudo dominado;1;0
Parabéns pro entrevistado!!;1;0
boulos foi o grande líder do movimento não vai ter copa;0;1
Errou ao apoiar Lula vai errar desta vez também.Mas só não erra quem não faz boa sorte Magno Malta;0;1
Para os oportunistas de plantão A situação dos combustíveis aconteceu pelos anos de represamento artificial dos…;0;1
Maioria da 2ª Turma do STF nega liberdade a Lula;0;1
O judiciário brasileiro está na lama com o STF com tudo;0;1
Em que momento vc achou que Joyce hasselmann ou alguém destes imbecis relacionados na thread me faz…;0;1
Geisel Bolsonaro e a servidão aos EUA Por Carlos Fernandes;0;1
A lei é para todos Azeredo preso a 1 km de sua casa e Lula a 430 km de São Bernardo· Por Kiko Nogueira…;0;1
Pra deixar bem claro que números diferentes devem ser pressionados na urna nas eleições de 2018;0;1
Deve ter uma galera de esquerda achando bem ridículas essas brincadeiras com o Dolly então é assim mesmo que nós…;0;1
O famoso cidadão de bem almejado pelo Bolsonaro;0;1
Deve essere faticoso per;0;1
Valeu a tentativa  Mas ainda assim voto no Bolsonaro;1;0
Guilherme Boulos que vai disputar a presidência pelo PSOL disse que a Venezuela é uma democracia e que o governo Ma…;0;1
Aposto com você que o Azeredo não fica na cadeia se apelarem para o STF o Gilmar solta;0;1
Ivete diz como o filho escolheu os nomes Marina e Helena para as gêmeas;1;0
Desonestidade de informação tem limites;0;1
Pode censurar a campanha do Bolsonaro Começou a muito tempo se a eleição fosse;1;0
Brasil Lula vai depor como testemunha de Sérgio Cabral;0;1
Vem cá rebater isso;0;1
Poderiam ter cancelado a Dilma no período militar Falharam;0;1
Para Gilmar Mendes prisão de Lula é assunto encerrado;0;1
René Dotti advogado da Petrobrás vai requerer que Lula devolva dinheiro roubado;0;1
Bom dia Marina Será que você poderia compartilhar conosco humildes eleitores brasileiros quais se…;1;0
Vc sabia que Moro é agente da CIA;0;1
ta fumado esse ai;0;1
corrupto safado Mofa na cadeia;0;1
Queria saber onde ta o povo que falava que a culpa era do PT A Dilma ja foi impeachmada o Lula ja foi preso e o pa…;0;1
PT partido dos trancafiados parabéns ao juíz Sérgio Moro e a operação lava jato;0;1
Alckmin pediu que inquérito fosse tirado de promotor diz MP paulista;0;1
trem bão e coisa boa mesmo e ta rolando desconto queria descola um sanduba mas nao entregam onde eu moro;1;0
Depois das recentes pesquisas eleitorais voltei a defender Marina como presidente;1;0
Vai votar em quem esse ano — Bolsonaro neles kkkk k.o eu voto nulo odeio política;0;1
Monge Marcelo Barros Meu encontro com Lula na prisão Desde que a justiça liberou visitas religiosas fui o;0;1
Expõe isso sim a ingovernabilidade do SOCIALISMO O Governo NÃO PODE CONTROLAR TU…;0;1
Pilha quer que os caminhoneiros se danem Quem mandou derrubar a Dilma;0;1
BOMBA Lula é TUCANO;0;1
o ministro Edson Fachin arquivou outro processo contra Raupp também a pedido da PGR em que ele era suspeito de…;0;1
Já eram p/estar atrás das grades;0;1
Finalmente algo sério;1;0
O Ciro é um grosso mal educado prepotente Deixeme com quem andas e te direi quem és;0;1
Absolutamente espantado com a clareza elegância e a precisão da análise Vale muito a pena a leitura;1;0
Só imaginando Dilma das pedaladas passando em revista a tropa dos caminhoneiros revoltados com o preço da gasoli…;0;1
Nem pra fazer coisas erradas esse povo tem competência;0;1
Urgente pesquisa da XP Investimentos/IPESPE crava Lula está em primeiro até em pesquisa encomendada pelo mercado;1;0
o Boulos tem o estilo estagiário na empresa lula de se vestir;0;1
URGENTE Juiz confronta Moro e pede que Lula seja solto ainda essa semana;0;1
Relator da Lava Jato no STJ rejeita mais um habeas corpus de Lula via;0;1
A prisão de Lula é uma nota de rodapé;0;1
Triplex atribuído a Lula encalha em novo leilão e escancara armação de Moro;0;1
Cadeia para estes petistas;0;1
Em carta à Gleisi Hoffmann Lula reafirma que é candidato;1;0
Bolsonaro bate Lula no segundo turno;1;0
covarde sem limites esse villa esquece o Bolsonaro bom é o alckim q pauta a tua língua;0;1
Fala galera eu tou bem triste Meu pai expressou intenção de voto veemente no Bolsonaro;0;1
Mas quem votou na Dilma votou no governo PT O atual governo não é o programa de governo do PT;0;1
Afinal quem é Ciro Gomes;0;1
Lula deixou vídeos gravados para campanha;0;0
Valor Econômico Análise Pesquisa CNT/MDA mostra sucesso da estratégia de Lula;0;0
Lula deu um importante sinal de que acha que não sairá tão cedo da cadeia;0;1
É isso aí povo Vamos nos mobilizar Chega de governos ladrões chega de fascismo chega de promessas Queremos HO…;0;1
Bolsonaro antes manifestação é coisa de vagabundo Bolsonaro agora eu apoio a E é ess…;0;1
Para os que dizem Bolsonaro 2018” não existe preconceito só os vitimistas”;0;1
Esse Noblat sente um tesão anal pelo Bolsonaro que é sem explicação;0;1
PT e PSDB não querem a continuação p motivos óbvios Sim É óbvia ;0;1
Eu continuo esperando os generais PGR e MPF se manifestarem em relação as manobras dos tucan…;0;1
quarta que vem no dia 30 tem palestra do Boulos e freixo lá na faefid quero todos lá ouvindo nosso futuro presidente obrigado amigos;1;0
Muniçao mais pesada contra o Bolsonaro ja que as fakenews ate agora nao surtiram o efeito desejado;1;0
Vigília Lula Livre cheia de militantes segue firme apesar dos ataques dos golpistas veja Viomundo O que você n…;1;0
Agentes da Polícia Federal lançam frente de précandidatos ao congresso e vetaram PT MDB PP Parte da PF mostra…;0;0
Polícia Federal responsabiliza Dilma por prejuízo da Petrobras com compra de Pasadena;0;1
Lembrei de seus discurso em defesa de Lula e sua Troupe;0;1
Mas a caravana que o Lula fazia pelo RS ANO PASSADO tava tranquilo pro MPF Aliás ele só parou pq foi…;1;0
Essa gente é doente não querem largar o osso;0;1
E o dinheiro vai pra conta do Lula ele é o dono não;0;0
Por causa desses acontecimentos caro Deputado q eu digo sempre se o povo não tomar o poder desses bandidos não t…;0;1
Homem que lançou Lula no sindicalismo abre o coração e revela a ingratidão do petista Para crescer em todos os c…;0;1
O sonho de Lula foi realizado;1;0
Por conta de sua folha corrida Lula na urna seria absurdo E se votassem nele seria pior a…;0;1
Manuela ultrapassa Bolsonaro e assume liderança em ranking de relevância no Twitter;1;0
Lula tem direito;1;0
Parabenizo o Governador de SP Márcio França pela homenagem a Cabo Kátia até que enfim algum reconhecimento por par…;1;0
Estão na fase do medo medo do que lula solto pode falar Cai a República;0;1
A culpa está lá atrás com Figueiredo anistiou todos Ao voltarem voltaram a roubar Agora voltamos a prender Emb…;0;1
Bolsonaro presidente 2018;1;0
pena que deixaram de fora o lula dilma dirceu etc;0;1
Bem lembrado Falar de Pitta é lembrar do caso Banestado conduzido por Moro e que não deu e…;0;1
Senadora Gleisi Hoffmann direto da Vigília Lula Livre via;1;0
Após ter recurso negado pela defesa de Lula decide recorrer aos;0;1
Falou o cidadão que rouba merenda e que esta sendo investigado;0;1
papai Lula;1;0
Em sabatina Alckmin erra ao falar das contas de sua campanha em 2014 Por;0;1
Canalha;0;1
Não existe prerrogativa de foro para ações de improbidade diz STF;0;0
na época lula/dilma a maioria dos caminhoneiros são PT foram iludidos prometeram não cumpriram Conse…;0;1
Espero que pelo menos a família do Azeredo fique indignada por ele servir de boidepiranha para dar ares de parc…;0;1
Temer É o Alckmin que está pedindo encontro comigo;0;1
Envolvida com as questões do PT e de Lula Gleisi Hoffmann pouco aparece no Senado Noticias Brasil Online;0;1
Era o que faltava uma ação cível ter foro por prerrogativa de função Isso sem falar que seria o rejulgamento da AD…;0;1
Se fosse uma ditadura comunista os revolucionários fariam o mesmo e eu daria apoio em ma…;0;0
Manuela A maior expressão do golpe é a prisão política de Lula;0;1
DILMA VINGADA;1;0
Dólar passa a atingir máximas após a divulgação da pesquisa CNT/MDA mostrando crescimento de Ciro Gomes Lula aind…;0;1
Cut e fup pedeu a moral;0;1
As pessoas confundem corrigir um filho palmada faz parte com espancamento;0;1
Tudo muito lindo no discurso né nos últimos anos como o povo conseguiu ser ouvido?Indo as ruas Direta…;0;1
Em árvore que não dá fruto ninguém joga pedra O Guilherme Bolos falou 4x a palavra Bolsonaro na boca em en…;0;0
queria ta assim com a esperança q eu gosto;0;0
Congrats to Nia Marina Eva and Lauren;0;0
Retratos do surrealismo brasileiro;0;0
Petrobras falida Financiamento com dinheiro público à ditaduras 60 Mil homicídios por ano 14 Milhões…;0;0
Tem uma galera aloprada na direita que se diz conservadora que anda escrevendo que não vai votar no Bolsonaro.…;0;0
eu moro aqui sim senhor eu sou daqui sim senhor mas EU N TE DEVO AONDE EU VO E NEM DESCULPAS;0;0
Tribuna do Sertão PT questiona no STF apreensão de CNH e passaporte para forçar pagamento de dívida;0;0
Oh the HUMANITY Actress Marina Sirtis takes GREAT offense to Nikki Haley defending Israel;0;0
Copa e eleições podem adiar cronograma de desligamento do sinal analógico diz Anatel;0;1
O contribuinte agradece Além de rever a quantidade de seguranças à disposição dos ministros e familiares o Supre…;1;0
Greve dos caminhoneiros gasolina cara brasil a fora Ta ótimo depois q tiraram a Dilma;0;1
NOVA PESQUISA O Preso Politico Luiz Inácio Lula da Silva LIDERA EM DOBRO TODOS OS INDICADORES.;0;1
Ta dificil de acabar com a corrupcao mas vamos acabar com a daninha;0;1
Bolsonaro rebate Alckmin Estou aguardando alguém da sua laia me chamar de corrupto;1;0
Cadê os batedores de panela Muitos disseram que o país iria melhorar depois da saída de…;0;1
RODA MORTA SEM AUGUSTO No Roda Viva Boulos confunde dados de habitação e superestima arrecadação.…;0;1
BRASILEIROS CHUTAM A BUNDA DE MORO via;0;1
A pesquisa divulgada hoje é avassaladora o judiciário brasileiro tá mais fedido que gambá mijado E mais o povo v…;0;1
Tem gente suspirando com o casamento do príncipe inglês desejando que o Brasil fosse uma monarquia Aí eu emendo e…;0;1
VOCÊ QUE É PATRIOTA VOCÊ É UM MERDA;0;1
E dizem lutar pelos pobres Aham;0;1
Acorda Cidadão Brasileiro essa greve tem justiça e tem chantagem é preciso ter discernimento de que não existe MÁ…;0;1
Vamos mobilizar e ir pras ruas Por Lula;1;0
Há muito tempo Dilma por exemplo só não teve tantos votos proporcionalmente n…;1;0
Deviam estar preocupados com o candidato que o vai u…;1;0
Em 1 mês Justiça dá 3 boas notícias a Geraldo Alckmin e traz alívio ao PSDB;1;0
Estão desenterrando que Geisel autorizou assasinatos faltou o Lula a Dilma e mais uma penca que pena;0;1
Eles diziam que era só tirar a Dilma Infelizmente a merda que os golpistas e paneleiros fizeram está preju…;0;1
Quem nunca matou um parlamentar por pensar diferente Muita gente de diferentes ideologias que não compactuam com a…;0;1
Esse projeto eu apoio;1;0
Esse é meu presidente e lider Gente não existe ninguém mais capacitado para gerir esse país não!O único que n se…;1;0
O PT está de volta Lula livre;1;0
Para você que está sendo enrolado pelo PIG e pelos políticos golpistas seguem aqui 24 links da…;0;1
Minha familia inteira apoia bolsonaro;1;0
Sem reeleição mais de 80 parlamentares vão direto para Sérgio Moro;1;0
Só faltou comparar Lula vz Dilma e depois FHC vz Lula Ah Isso não interessa né kkk…;0;1
Ciro gomes em 38 anos como prefeito governador deputado federal e e…;0;1
Vc ja teria como dar nome aos bois que nos levariam a venezuelização Temos os obvios Manuela…;0;1
Querido eu cresci no meio de político O governo da Dilma não foi um dos melhores não chega perto di…;0;1
ai que vontade louca de me filiar ao pt pra dar um golpe interno destituir a atual direção do partido e dizer pro l…;0;1
Quero entender como a capacidade da mídia de alienar pessoas como essa cons…;0;1
Promotoria denuncia exvereador por tentativa de homicídio em frente ao Instituto Lula;0;1
Vc está enganado os governos Lula e Dilma decidiram fazer reservas cambiais para que…;1;0
É uma vergonha Esta na hora da imprensa esquecer Lula ele é um presidiário e não canditato;1;0
Esse tal professor da FGV que divulgou o documento Matias Spektor é um petista ferrenho Toda foto del…;0;1
Ainda sou obrigado a ficar ouvindo os caras gritando na Paulista a favor do Lula e minha noiva falando que quer ele…;0;1
Não existe nenhum ato ilícito praticado por mim não paira contra mim nenhuma suspeita de desvio de dinheiro públi…;0;1
duvido muito que seja algo público pq ele é medrosinho mas bem que podia juntar uma galera pra variar…;0;1
Lula no Le Monde Violam a constituição para impedir minha candidatura”;0;1
Tem que ser preso em primeira instância Chegou no STF acaba o processo;0;1
Ha Única coisa que ele destrói é a declaração de impostos…;0;1
Gostei de um vídeo 12 VOTAÇÃO DO STF QUE MANTEVE LULA PRESO E AS ESTRATÉGIAS DO CAMPO;0;1
Só não bato panelas hoje pq estão todas lotadas de feijão Na época da Dilma era doze reais o kg.;0;1
Discordo com relação ao Alckmin e a Manuela Para mim direita e centroesquerda respecti…;0;0
Parlamentares petistas exigem que despesas com atos próLula sejam custeadas com dinheiro público e repassam nota…;0;1
é um louco Um terrorista louco um maluco nada beleza Um maluco perigoso E mais louco ainda é q…;0;1
Tribuna do Sertão STF reafirma validade de contribuição ao Funrural;0;0
E aí esquerdistas Cade o vitimismo;0;1
Lula e a candidatura fantasma CorreiodoBrasil;0;1
Bolsonaro lidera primeira pesquisa e tem das intenções de voto;1;0
Blindada mulher de Bolsonaro deverá participar da campanha discretamente;1;0
na moral eu achei que nao tinha como esse cara ser mais imbecil mas eu me enganei;0;1
Vamos Libertar o Presidente Lula Mesmo no frio em Curitiba vamos permanecer firme;0;1
Retrato Fiel do Traidor Usurpador Ladrão Presidente Traiu a Presidenta Dilma e está Traindo o Brasil LesaPátria…;0;1
EUA DÁ A MORO O TÍTULO DE HOMEM DO ANO;1;0
Eles só não fizeram a covardia ainda de tirar o das eleições por causa de toda Força Militar…;0;1
Para Alckmin Azeredo é tucano distante” e cunhado é simpatizante” do PSDB;0;1
Ricardo ameaça acionar o STF contra imposto ‘zerado’ no diesel;0;1
Fernando Henrique conseguiu mostrar que o processo do Azeredo não é mensalão e que a justiça exagerou na pena O…;0;1
Jobim diz que PT conseguirá o registro de Lula como candidato;1;0
Mobilizações Já por Só o povo nas ruas e nas urnas fardo justiça;0;1
MDB e PDT dão pontapé inicial para as eleições de 2018 em Rondônia;1;0
Eu não incito manifestantes a fazer o mesmo na casa dos pais do Boulos muito embora eles tenham p…;0;1
Lula vale um pão murcho;0;1
Um dia vou entrar na UFRJ Instituto de Filosofia e Ciências com uma camisa do Bolsonaro ou outro qualquer de direita;0;1
Vice da Dilma;0;1
Podem pegar todos esses dai Só não podem mexer com Bolsonaro;1;0
OS FILHOS DA PUTA IRÃO NEGAR TUDO DE LULA VAMOS INVADIR AQUELA PORRA PQP E AINDA O PT ENTREGA LULA…;0;1
Tá na cara que eles querem atingir a candidatura do Bolsonaro isso se chama desespero;1;0
Não é possível Gilmar Mendes parece estar desesperado para arrancarem ele de lá à força e lhe premiarem com apo…;0;1
Mas tem uma BABACAS fazendo papel de OTÁRIOS dizendo que Ciro Gomes é o candidato mais forte TROUXAS;0;1
Em todos os cenários de primeiro e segundo turno o Bolsonaro só perde para LULA e empata com MARINA;1;0
Ex petista confirma Lula e Dilma deram um prejuízo de meio trilhão para a Petrobras Diário do Brasil;0;1
Eu achava o Lula mais inteligente Mas não acho mais Se fosse mesmo;0;1
Enquanto Houver Simpatizantes Financiadores d Lula q está Preso por Corrupção Receber Propinas Enriq…;0;1
Vamo botar a Marina pra cima deles gente;1;0
Juiz da Lava Jato age rapidamente prende petista e vê STF falhar ao dar perdão a condenado;0;0
O que desqualifica Bolsonaro é ter que perguntar ao Paulo Guedes o que falar sobre a…;0;1
Acaba aqui meu interesse por este projeto de Ciro Guerra;0;1
maior tristeza de uma mãe é o filho compartilhando piada do bolsonaro num grupo com a mãe e as irmãs;0;1
O PT prometeu A CUT prometeu O MST prometeu A Gleisi prometeu O Boulos prometeu O Lindbergh prometeu Mas só…;0;1
Lindíssima solucionou tudo;1;0
E os apoiadores do Lula e petistas estão gostando disso Porque agora o país vai ficar nível Venezuela;0;1
Bolsonaro 2018;1;0
Falei ontem com minha mulher Isso é coisa dos esquerdopatas Pensamos o mesmo;0;1
Ai que saudade do ajuste fiscal da Dilma;1;0
Preso Lula não será candidato a nada Na verdade o petista é candidato a ser condenado pela 2.ª vez na Lava Jato;0;1
Acho que foi o Moro que colocou lá Provas plantadas;0;1
Já catou alguém além de Ciro e Boulos falando em reforma tributária visando ao modelo progressivo para;1;0
Amiga esse argumento de q o gov Temer n é continuação do gov Dilma é verdadeiro parcialmente O Temer…;1;0
Gente não se empolgue com o Tite ele é filho de Andres Chances Del Nero Lula Marim Me diz com quem…;0;1
Farei o mesmo se o Bolsobosta ganhar;0;1
Ela arrasa babys;1;0
Agora é oficial Okamotto admite dificuldades para mobilizar militantes em defesa de Lula;0;1
LULA Sandra Miria LIVRE Pela minha experiência em greve essa coisa dos caminhoneiros é…;1;0
Bolsonaro foge de um debate como o diabo foge da Cruz é piada de mal gosto Já virou chacota internacional;0;1
NOJEIRA NESTE CASO TUDO É MUITO SUSPEITO NESTA VOTAÇÃO VÃO TENTAR DESQUALIFICAR A PRISÃO…;0;1
sonhei que o bolsonaro ganhava a presidência sai fora;0;1
Ciro subiu dentro da margem de erro não;0;1
O que a fajuta Comissão da Verdade só deles não considera O pior é que há quem acredite nessa tal comissão Quer…;0;1
URGENTE Advogado Que Anulou Processo Contra Lula No Tribunal Superior Militar Reforça Equipe De Lula Com Muito Oti…;1;0
mas oq somente funciona é bater panela pra Dilma né;0;1
Quem gostaria de ter um testemunho desse sujeito só um maluco Mas esse bandidos tentam se proteger;0;1
Sério não sei prq esse Sérgio Moro ainda não foi preso;0;1
Ciro espero que a trouxa presidente do PT pare de cu doce e apoie ele logo;1;0
Bolsonaro em segundo nas pesquisas A mídia manipula o povo publicando mentiras Bolsonaro em primeiro nas pesqu…;1;0
Meu deus eleitor do bolsonaro não perde a oportunidade de abrir a boca p falar merda ala metralhadora de merda;0;1
Me surpreendeu Temer ter 0.9 Quem é essa gente que vota nele  Sem Lula e Barbosa Bolsonaro lidera seguido po…;0;1
O Lula é um LADRÃO e por isso está na cadeia;0;1
Tira esse Ciro daí que a imagem fica ótima Ciro Tô fora;0;1
O meu voto é do Lula se não for ele eu voto em quem ele indicar do PT;1;0
Bolsonaro aposta em redes sociais para vencer campanha tradicional;1;0
O dinheiro da Petrobrás foi roubado por Lula e sua quadrilha;0;1
O Donald Trump é odiado pela midia pois não faz o culto a personalidade que o Obama fazia o governo obama foi pur…;1;0
Gleisi Hoffmann senadora e presidenta do PT fala da importância da continuidade da vigília e acampamento Lula liv…;1;0
acho justo a mulherada como um todo votar na Manuela gosto do posicionamento do Boulos mas gente ou nos ajudamos…;1;0
Criador do maior partido da Itália acusa golpe no Brasil e diz que Lula é alvo de perseguição via;1;0
não sou a favor do Bolsonaro mas também não ia deixar ele falar assim comigo não kkkkkkkk Enfio o apagador na boca…;0;1
Gilmar Mendes disse à Bloomberg que a prisão de Lula é assunto encerrado” Ele disse…;0;1
Pessoal conseguiu eleger a Dilma e o Temer com o mesmo voto Sublimaram;0;1
Você ainda tem duvida que vão ser presos e Bolsonaro ganha Pior vai ser depois das eleições Agu…;0;1
Celso Amorim pode ser vice em candidatura de Lula;0;0
Ah tá....o colegiado está acima da Constituição Federal Entendi;0;1
Os petistas continuam gritando mas ainda não admitem toda a roubalheria feita pela Dilma e pelo Lula.…;0;1
A velha estória da culpa dos governos anteriores A solução não era tirar ela O…;0;1
Quando os caminhoneiros disserem que são professores ou estudantes Aí o pau come;0;1
Pense que existe eleitores do bolsonaro no twitter consequentemente você não és a pessoa mais burra;0;1
E fazer pedaladas para mascarar o impacto dessa agenda nas contas públicas;0;1
Você pode não votar em Bolsonaro mas ele será o seu presidente o choro é livre;1;0
A Revoltante mas não surpreendente omissão de na execução de brasileiros na nos documentos rev…;0;1
Pois é como se o governo Dilma tivesse sido maravilhoso;0;1
Os dois têm o mesmo valor;0;1
Manobra para atingir Bolsonaro;0;1
Lula saiu do plano da razão;0;1
O legal mesmo é escutar os defensores de dilma lula e outros Falando que a culpa do Brasil está assim e da galera…;0;1
O caminho para a libertação do expresidente Luiz Inácio Lula da Silva agora depende mais da mobilização popular do…;1;0
Moro condena extesoureiro do PT a 9 anos de prisão e pega leve com delatores;1;0
Sem Lula são meus BAGOS Eleitor do Lula e Bolsonaro são antagônicos porra um não puxa voto do outro!!!…;0;1
Lindíssima casa comigo;1;0
Foi melhor do que a Dilma no poder;1;0
VAI REPRESENTAR COM MALDAD M OUTRO TERRITÓRIO •VOCÊ TEM MUITO ÓDIO NESSE SEU CORAÇÃO;0;1
Vaiaram o ídolo de amebas;1;0
Muita gente As manifestações feminista que eu vi retratava mulheres mostrando os peitos;0;1
Ainda bem que o PSDB é o futuro Futuro do FHC Futuro tão bom que vcs vão esconder o governo de vcs da campanha;0;1
Geraldo Alckmin pré candidato do PSDB à Presidência da República com o senador Tasso Jereissati deputado Raimund…;0;0
Sem Lula Bolsonaro lidera intenção de voto para presidente diz pesquisa;1;0
Sérgio Moro tem áudios de propina da Odebrecht para Beto Richa;0;0
Vamos fazer um trato Porq não te calas Lula ladrao;0;1
Bom Muito bom;1;0
FHC será ouvido como testemunha de defesa de Lula;1;0
COM BOLSONARO É O BRASIL E A VERDADE ACIMA DE TUDO VIVA O BRASIL;1;0
Canalha;0;1
Depois de Lula decidir manter candidatura Gilmar e o STF mantem ele na prisão;0;1
disseram a bolsonaro que ele não entende de economia agora ele resolveu dizer que a causa de todos os problemas;0;1
Para que fique claro Operação limpeza apoia Bolsonaro;1;0
PRESO POLITICO LULA LIDERA FOLGADO COM FOLGA ;1;0
Fascismo à solta;0;1
Essa mulher conseguiu transformar o PT numa piada maior ainda;0;1
Fernando Haddad sobre Lula estão aprisionando nosso futuro não um homem;0;1
Bora divulgar a verdade CNT/MDA mesmo preso Lula lidera folgado;1;0
Lula Distribuição de renda mais justa e inclusiva Direita Concentração de renda e criminalização da pobreza;1;0
LULA Argolo Bom dia Greve dos caminhoneiros é tática para impor golpe militar;0;1
Enquanto não e presa Gleisi anuncia que quer gravar com Lula na cadeia;0;0
CPI investiga quarteirização da saúde com empresas de ‘fundo de quintal’ no governo Alckmin;0;1
preso;0;1
Deveria ser obrigado a ficar num quarto trancado com Suplicy Dilma e Jandira durante 7 dias;0;1
Seis líderes europeus apoiam Lula e pedem sua participação nas eleições via Blog do Fernando Morais;1;0
Puta que pariu o Bolsonaro quer fundir Ministério da agricultura com o do meio ambiente Ê tipo querer fundir flame;0;1
E tem gente que vai na onda dessa doida;0;1
Se nem a minha psicóloga aceitou que meu irmão fez a festa de 1 ano da minha sobrinha com o tema do Bolsonaro quem sou pra aceitar;0;1
Incentivar a lucratividade de setores empresariais foi o erro do governo Dilma;0;1
Bolsonaro é vaiado duas vezes em sabatina na Marcha em Defesa dos Municípios;0;1
Marina silva  beija a mão do Aécio;0;1
Parabéns aos caminhoneiros lutando contra essa bandalheira enquanto uns ficam de mimimi no twitter pq tiraram a Dilma;1;0
Você tá puto com a situação do País Vou enumerar pela ordem os principais filhas das putas que empurraram o Bras…;0;1
ONDE ESTÃO OS DEFENSORES DO BRASIL VAMOS PRENDER ESTES BANDIDOS...ELES NÃO MERECEM QUE NFALMOS OS NOMES DELES..…;0;1
Se até um analfabeto ladrão pinguço governou e DESTRUIU nosso país pq Bolsonaro não pode ter uma chance…;0;1
Retweeted Miriam Sahade  Não haveria greve porque ele não assaltaria a PETROBRAS como…;0;0
bolsonaro só paga mico quem aguenta esse chato;0;1
Esse Boulos ta de brincadeira Pqp como pode ser imbecil desse jeito;0;1
Ao Vivo de Curitiba Bom dia Presidente Lula vigília Lula Livre via;1;0
Ermal Meta amp Fabrizio Moro Non Mi Avete Fatto Niente ;0;0
É mais fácil o Flamengo ou Vasco da Gama ganhar um título da Libertadores;0;1
Rosemère Sampaio Bresciani 27 de abril às 13 Este comentário foi postado por um adepto do Lula para o seu amigo…;0;1
As FFAA escolheram BOLSONARO Não tem o que questionar VOTE BOLSONARO PRESIDENTE ;1;0
O Bolsonaro ja falou sobre essas questoes varias vezes e ja explicou A midia…;0;0
tua amiga marina é muito gata né desenrola pra mim — Ela é mesmoooo Me chama na dm p eu poder te ajudar c isso;1;0
Minha paciência hoje tá menor que uma célula;0;1
Foi mal aparecer de para quedas Mas no governo Dilma isso tbm aconteceu e enquadraram como crime;0;1
lulindo;1;0
Youssef deu a senha Doleiro não é preso se for contra tucano Banestado e tem perdão de crime se deparar do PT L…;0;1
candidatos do PCB ficam na extrema esquerda;0;1
Um dia antes de leilão do triplex atribuído a Lula imóvel avaliado em R  milhões não recebeu nenhum lance…;0;0
Isso é mais um esquema para queimar o Bolsonaro Só ver a reação de alguns veículos;1;0
Covardia de Fachin em relação a Moro é estarrecedora via;0;1
Lula diz que seu maior desafio é não odiar os que armaram contra ele;1;0
meu cunhado de sacanagem colocou um vídeo da Dilma mandando beijo no grupo da família e acho q meu avô não curtiu m…;1;0
Janaina Paschoal denuncia Lula é o verdadeiro dono da JBS FRIBOI Jornal do Pais;1;0
Lula deixa carceragem para depor em favor de Sérgio Cabral O expresidente Luiz Inácio Lula…;0;0
BOLSONARO 2018;1;0
Amante avisa o Lula que o cummmpãnheirooo Delúbio está chegando...mais um PETRALHA na CADEIA;0;1
Absurdo 91 dos deputados alvo da Lava Jato disputam as eleições;0;1
Não façam isso Pq cada derrota do Lula é uma vitória do povo brasileiro de bem Força advogados Hehehehe;1;0
Ciro Gomes a gente tá na merda mesmo Desculpe o palavriado;0;1
Manuela DÁvila comemora aprovação de 30 do fundo eleitoral para mulheres via;0;1
O agressor petista no STF;0;0
Ao honrar a policial que matou assaltante de escola Márcio França fez mais pela segurança de São…;1;0
Maldita incoerência né;0;1
tenha mais respeito aos seus assinantes e fecha estes lixo Mario Sergio Conti que…;0;1
Os golpistas vão à loucura com Lula não é mais uma pessoa é uma ideia;1;0
Lula preso presidente Por Tacho;0;1
Que nada os vagabundos comunistas daquela época estão todos voltando para a cadeia ou já estão presos Quem a…;0;1
Esse é o grande problema da economia Uma merda que se faça hoje alguma hora vai repercutir Para se eleger;0;1
Ex Presidente do PSDB é Condenado pelo Mensalão Mineiro finalmente;0;1
Para o ministro Gilmar mendes do STF o petista não tem condições de ser candidato neste ano;0;1
quem disse que apoio o lula;0;1
Os Lula da Silva não passam aperto não;0;1
Essa onda de regurgitar noticias sobre o periodo militar só me leva a intuir uma coisa alguma pesquisa deve ter ap…;0;1
Darcy Ribeiro cantava a bola o bom de conspirar com os EUA eh que depois de um tempo eles contam tudo;0;1
Já vai tarde;0;1
Bolsonaro neles O Brasil saiu do atraso com nosso General Alemão;1;0
Suplicy cria canal de comunicação com Lula envie sua mensagem;1;0
Com voto de Celso de Mello Lula perde de 5 a 0 e continua preso;0;1
FORA PT FORA LULA;0;1
O povo trabalhador aquele q rala duro q pega conducao lotada q sua pra ganhar o pao q sabe quanto custa cada go…;1;0
Bom se tem Alexandre de Moraes como Ministro do STF e Zezé Perrela e Aécio como Senadores o traficante vai no máx…;0;1
Quem diria:Gilmar Mendes joga a pá de cal em Lula via;0;1
Para suspender greve caminhoneiros exigem voto impresso e fiscalização do Exército nas próximas eleições;0;0
Oh dó Quem cometeu crimes foram os Juízes do TRF4 STF etc etc Todos corruptos ladrões e safados…;0;1
Desafio quem quer se seja a mostrar maior apoio popular do que Bolsonaro tem recebido por onde passa…;1;0
Ministro nega liminar para garantir representante de Lula em debates;0;1
Eleitor do Bolsonaro é pior que fã de Iron Maiden Tá loco;0;1
O Lula tem 1/4 do eleitorado imutável intransponível Isso é incrível mas não o suficiente nem para tirálo da cadeia;1;0
Quando vai acabar essa PALHAÇADA de indulto Superior Tribunal de Justiça STJ Conselho Federal da OAB Ronaldo…;0;1
bom dia presidente lula;1;0
Alckmin defende autorização de porte de arma em zona rural;0;0
Voce mencionou o Lula mas esqueçeu do pior de todos eles que foi a Dilma que matou sequestrou roubou ban…;0;1
O DESASTRE chamado Dilma Roussef Número de crianças mortas na faixa de 1 a 4 anos subiu 11 em 2016 após 13 anos…;0;1
Olha o candidato que vcs colocam a frente;0;0
Bastante feliz nesse momento pois comvenci um cliente a não votar em bolsonaro;1;0
Escalada para pauta Temer MDB e os canalhas misturados más a globo não derrubou ne…;0;1
Alckmin fará vaquinha virtual para campanha à Presidência;0;0
ESTE BOSTA DO STF DEVIA É SER EXONERADO DO STF A ´PONTAPES PELOS OUTROS JUIZES KKKK…;0;1
Quem nunca pôs o filho no pau de arara agrediuo com cacetetes e lhe deu choques elétricos até matálo;0;1
A por conta do preço do combustível mostrou que o problema nunca foi só Dilma e o PT e sim…;0;1
Trasportadoras realizam sonho de Lula paralisam o país e encurralam Temer via;1;0
Quanto mais essa figura peçonhenta dá declarações vis e de uma mal caratismo inacreditável mais sei sobre o caráte…;0;1
A capa do jb dizendo que o bolsonaro lidera nas pesquisas me assusta deus que me livre bolsonaro presidente;1;0
Depois não reclamem da roubalheira hospitais em estado de penúria falta de segurança O país precisa é de educaçã…;0;1
Juíza de Moro perde de novo e Lula receberá deputados Blog da Cidadania;1;0
toda a esquerda tem um plano o poder e o dinheiro de propinas o ciro gomes manuela boulos marina f…;0;1
Bolsonaro o candidato virtual;0;1
Vixe vaiaram o mito Bolsonaro duas vezes em encontro com prefeitos…;0;1
Pare com a sua ladainha lula já era BOLSONARO SERÁ O PRESIDENTE DO BRASIL O pt está mortinho e enterrado;1;0
O Ciro Gomes vai mandar imprimir a gasolina;0;1
Esse Lula e o advogado dele devem comer merda não cansam de tentar liberdade ou anular a sentença mesmo te…;0;1
Bolsonaro AFIRMA que HÁ EXCESSOS na fiscalização do TRABALHO ESCRAVO Tem gente no MP e…;0;0
isso é doentio;0;1
Juiz acusado de agressão criticou Moro;0;0
Lula está preso sim Aceita que dói menos kkkkkkkkkk;0;1
Tô dizendo que Moro é bonzinho RT Doleiros querem Moro;1;0
Dilma respondia tudo qualquer coisa sobre a administração da Petrobrás Esse vigarista traidor e entr…;0;1
ELEIÇÕES 2018 Bolsonaro é vaiado duas vezes na Marcha dos Prefeitos;0;1
Te desejo em dobro tudo aquilo que você deseja ao presidente Lula 13;1;0
Sim Mas deve ter dado ruim pra eles alguma pesquisa recente pois voltaram com todas as forças;1;0
Joaquim Barbosa vê três riscos para o Brasil Bolsonaro um golpe de…;0;0
Pilha quer que os caminhoneiros se danem Quem mandou derrubar a Dilma;0;1
Para os de poucos memória noção caráter lembro que Dilma caiu quando a sabotagem econômica levou o dólar a R 4…;0;0
Assim serão as salas de aula no Brasil caso o Bolsonaro seja eleito;0;0
MITO Ocorrência ou ação extraordinária fora do comum normalmente excessiva e deturpada pela imaginação ou pela…;1;0
Lula presidente;1;0
Eu tô apavorada pq as eleições vem aí e se esse cara ganhar mais visibilidade a gente tá ferrada ;0;1
O reitor do Santuário Nacional Aparecida padre João Batista de Almeida pediu desculpas após celebrar missa pela l…;0;0
Racismo é crime Vamos ver até quem a lei pode ser aplicada E a multa não deveria ir aos quilombolas ;0;1
Itaú derruba previsão de crescimento economia perde fôlego antes das eleições;0;1
O PSDB além de ser blindado os juizes são tucanos vide Moro;0;1
Sim É só observar o arsenal de provas contra Aécio Serra Beto Richa Alckmin e out…;0;1
Pultz Agora fervilha em minha mente Lendo e relendo o que CIA escreveu sobre as mortes no período da ditadura de…;0;1
Dilma pediu R 4 milhões para Gleisi Hoffmann diz Marcelo Odebrecht que confirmou que irá entregar à Lava Jato de…;0;1
Diretora do Ibope sugere que sem Lula eleitorado não tem esperança Blog da Cidadania;0;1
Agora vamos falar de economia políticas públicas reformas políticas inclusivas programas sociais programas cul…;0;0
desculpa mas eu tô rezando pra vc tirar menos q 9 a gnt não precisa de mais icons do bolsonaro no tt;0;0
Mt boa p perder meu tempo com seres humanos você Você acha q votar n…;0;0
Acredite que agora é a hora do jogo de esconde esconde com o PIG Estamos discutindo e definindo o programa de gov…;0;0
Se a resposta é para Ferdinando não está correta a ironia de capitalismo selvagem…;0;0
Imprensa mundial destaca prisão de Lula;0;0
São todos uns  junto com o Boulos fecal;0;0
O mais cotado é o Sen Magno Malta vice do futuro Presidente Bolsonaro;1;0
PT discute anunciar vice de candidatura de Lula à Presidência via Intervenção Militar urgente;1;0
Meu DEUS Alguém interdita essa mulher Não é cabivel mais em pleno século 21 termos um pensamento tão cretino e fo…;0;1
que tá acontecendo aqui;0;1
Bolsonaro se fortalecendo vai ser difícil derrubálo Pesquisa da XP InfoMoney para Presidente Bolsonaro 24 Mar…;1;0
As prerrogativas dos ex presidentes não são privilégios favores ou benesses mas direitos que determinam um trata…;0;0
Eu apoio E acho que falharam ao deixar dilma lula etc vivos;0;1
O princípio ético” de Maria Lula do Rosário;0;1
Agronegócio caminhoneiros povão jovens exército polícia Bolsonaro primeiro turno;0;1
Ah eu voto Bolsonaro Mas não sou pedante nem chata Hahhahha;1;0
Você não pode responder pelo outros queremos  eu quero lula na cadeia e que pague pelos seus crimes;0;1
Se o Boulos tiver resposta pronta eu vou Em qual pais do planeta o comunismo deu certo;0;1
Grande patriota Bolsonaro diz ao El País que a Amazônia não é nossa;1;0
Ai que medo do Bolsonaro;0;1
pois é eu acho que se daqui pra lá lula se manifestar em apoio a alguém ainda existe alguma chance e…;0;1
quando vc precisar da Polícia chama o Lula seu merda;0;1
Bolsonaro compara execuções da ditadura a tapa no bumbum do filho Leia mais • Você por…;0;1
Bolsonaro ñ é corrupto ñ é desarmamentista ñ apoia ditadura de outros países ñ gosta de bandido e ñ…;1;0
Agora acabou pro Capitão HahahahahahahaHahahahahahaha;0;1
Quem vota em Lula condenado também está à miséria ao analfabetismo ao cabresto etc;0;1
Essa é boa caminhoneiro levando comida pro LULA e os cumpanheiros;0;1
GLEISI AINDA ACHA QUE LULA SERÁ CANDIDATO OU SE FAZ DE BOBA OU PERDEU O JUÍZO O PT decidiu dar início às discussõ…;1;0
Dedicada à liberdade de Lula conferência de educação tem início em BH via;0;0
Sai nova pesquisa CNT/MDA Lula lidera disparado e pode levar até no 1º turno Lula PT -9].[] Bozonazi Marin…;1;0
Titia Dilma aviso mais o povo brasileiro gosta de se passar como otario kkkkkkk;0;0
A quantidade de bobagens que o Bolsonaro diz demonstra que ele não tem a qualificação necessária ao cargo que pret…;0;0
Petistas e aliados começam a abandonar o barco e esquema envolvendo bilhões começa a bater na porta de Lula;0;0
se poupem do mico q estão passando vcs culpan o governo lula e dilma pra n precisar assumir que estavam errado qua…;0;0
Vigília Lula Livre será mantida até a liberdade do expresidente;1;0
Também voto em quem ele indicar menos Ciro Mas acho que Ciro não terá essa indicação;0;1
Wadih a perseguição a Lula foi estendida a mim seu advogado;0;1
aí eu falo q n gosto d bolsonaro e a pessoa diz ai mas entao tu gosta do lula ne” ai meu anjo cala a boca;0;1
É é por isso também que Bolsonaro será eleito PRESIDENTEdo Brasil;1;0
ñ tem plano B Lula tá firme na área Temos programas d TV preparados e Lulas em toda a Finlândia É o candidato do…;1;0
Tipo o FHC que começou com o Petrolão e tem um triplex na França e está…;0;1
Minha esperança se chama Lula Eleição sem Lula é fraude;1;0
Mais o problema meu caro é que a direita tbem não tem candidato a oferecer tem um psicopata eu concordo…;0;1
Sinceramente depois de tudo que estamos vendo desde o Golpe 2016 acho esse percentua…;1;0
Quero voltar para Marina;1;0
EU TO NA FRENTE DE ONDE O LULA TA PRESO KKKKKKKKK;1;0
Trecho da ação de do MBL que suspendeu assessores motoristas e seguranças do presidiário Lula.…;0;1
Mauro Lopes Lula cresce mas TSE prepara novo golpe via;0;1
Apoio a candidatura de Lula não é só da boca para fora vamos fazer campanha nas ruas para elegê-lo Diário Causa…;0;0
O POVO NÃO QUER MAIS BANDIDOS NO PODER POR ISSO VOTARA EM BOLSONARO;1;0
Salário é tudo nessa vida dizia o lula que tá preso;0;1
CARTA AOS PREFEITOS Lula desafia justiça partidária a derrotálo nas urnas;0;1
Sem Ordem não há progresso Está na hora;0;1
Não sei o que é pior defender um bandido preso e condenado ser acefalo defensor do Bolsonaro ou um idiota defensor…;0;1
Algo me diz que o Lula vai indicar o Boulos e ele vai ser PRESIDENTE ;0;1
Intelectuais e PT na mesma frase Tem algo errado aê;0;1
se seu ex pedisse pra voltar o que falaria — que pergunta de drogado q droga vc usou drogado eu moro na vila m…;0;1
Muito CUIDADO com este BOLIVARIANO Pra mim eles pretendem retira a prisão em 2º instância O CRIM…;0;1
Se tiver um MAIS de direita que o Bolsonaro vai ter o meu voto Quero que a esquerda se exploda;1;0
Velha raposa do Ceará;0;1
esqueci que aqui era polarizado lula temer Dilma bolsonaro o tempo todo até mais e obrigado pelos peixes;1;0
Lideranças católicas e evangélicas se unem a Bolsonaro para impedir o avanço da agenda marxista no Brasil;1;0
Nada Lula tá com 120 e já é presidentO de novo ;1;0
Alckmin anuncia equipe econômica com criadores do Plano Real via;0;0
Quando vão parar com estas insanidades;0;1
Lula da Silva ratifica su candidatura presidencial Publicado por;1;0
Eduardo Bolsonaro Não dá para acender uma vela para Deus e outra para o diabo Homenagea…;0;0
Se o povo fosse menos frouxo expulsaria governadores prefeitos presidente ministros de seus cargos…;0;1
Diz que acusações feitas por Bolsonaro ao PSDB são irresponsáveis É mesmo Então pq a …;0;1
Graças ao Gov Dilma Quem lembra aqui do plano de gov dela em 2014 Isso estava incluso Pois bem ela ti…;1;0
EU QUERO VER CAMINHONEIRO PRESO;0;1
Ministério Público quer suspender carreata de Bolsonaro em Salvador;0;1
Ela vai ficar 12 anos nessa coisa de lutar e resistir Não sei se vocês sabem mas essa é…;0;1
Cara lembre o povo disso tds os dias pois estamos de fato correndo esse risco;0;1
Bolsonaro sofre derrota no TSE em processo contra pesquisa Datafolha;0;1
meus pais agr votam em bolsonaro não esperava menos rindo de nervoso sjehdsnsn;0;1
não há comida nas prateleiras dos supermercados gasolina 10.00 o litro falta pãozinho no MC Donalds aviõ…;0;1
Menos Ciro;0;1
Faltou perguntar para ele se a China tbm é uma democracia com certeza ele diria que há eleições lá e sim é uma democracia;1;0
Um forte abraço;1;0
pessoal eu acho que o alckmin vai decolar;1;0
Perfeito Eu se fosse o Noblat encerraria o bullying ao Bolsonaro pelo menos nesse mês RT …;1;0
Gostei de um vídeo ACABOU A FARSA INTELIGÊNCIA MILITAR DESCOBRE O VERDADEIRO OBJETIVO DE LULA;0;1
Tem treta neste negócio Se fosse uma coisa do povo estariam levando faixas de Lula livre…;0;1
VOCÊS TÊM MERDA NA CABEÇA SERES DESPREZÍVEIS GUARDEM AS LÁGRIMAS PARA A VITÓRIA DO BOLSONARO;1;0
O Bolsonaro esta caindo pra cima;1;0
talvez dentro do seu cu se olhar direitinho deve estar lá;0;1
Pode até ser montagem mas com certeza todos corruptos sentiram medo quando o Estado Maior das Forças Armadas entr…;1;0
Bolsonaro mantém liderança em cenário sem Lula diz pesquisa CNT Montedo;1;0
Lula Cabral e Rômulo Gouveia duas mortes que enlutam Campina Grande e a Paraíba;0;1
Os q sobraram voltaram para assaltar e quebrar o Brasil como Lula Dilma Zé Dirceu Genoíno Hoje com a Internet sab…;0;1
Ou ele fez isso do para provar que a Dilma é que estava certa;1;0
LULA PRESIDENTE;1;0
Kkkkk....primeiro não teria greve Segundo você tenta tragar Bolsonaro para qualquer assunto espinh…;1;0
Cara não defendo bandeira politica muito menos políticos p…;0;1
Coco Bosta e Merda;0;1
O Meu desejo hoje é ver o Ciro acabar com o papo de retardado mental do Bozo e nisso vejo muita competência no Cor…;1;0
E eu sou virgem;1;0
Para os vagabundos que o seguem ele de fato não cometeu crime Fez que os próprios fariam ou o ajudaram a fazer.…;0;1
Comandantes da Aeronáutica inocentam Lula e dizem que ele não interferiu em compra de caças;1;0
Bolsonaro recebeu dinheiro da JBS Sobre os demais fiquemos atentos até outubro Por h…;0;1
Outra lista de mortos pela guerrilha;0;1
ai que saudade da minha ex;0;1
Ué não era só tirar a Dilma e o PT q tudo ia melhorar Agora tem 13 de desempregados canalhas;0;1
Bem eu moro no Rio e fandangos é fandangos kkk n tem outro nome não;0;0
Engraçado petista vive falando globo golpista mas nao pode sair nada contra o regime militar ou contra o Bolsona…;0;1
Ai depois o brasileiro abre a boca pra reclamar… olha o naipe dos q tão na frente…;0;1
Bolsonaro Responde à CIA sobre Documento do Período Militar;0;0
Se o Lula abrisse a boca o STF todo caia Não é possível esse homem reinar como está reinando;0;1
Dilma sinto sua falta;1;0
o que tem haver e muito idiota esse Bolsonaro;0;1
Etica flexível não é ética Quem sabe o mínimo de compliance sabe disso Este senhor não tem condições de ser nem s…;0;1
Agora sim vai que é sua Bolsonaro  Presidente do Brasil  já;1;0
Passarinho na gaiola continua cantando//STF decide trancar Lula até depois das eleições Brasil ;1;0
Padre que pediu que Nossa Senhora ‘abençoe Lula’ se desculpa;0;0
Lula coloca a própria integridade física em nome de um projeto e de uma ideia já Aldo Rebelo ex esquerdista viro…;0;0
Mesmo somando o resultado do 2º e o 3º colocado na pesquisa o ex presidente mantém vantagem de oito pontos;0;0
Sim Ela e o Lula começaram o aparelhsmento dessa orcrim que é a petrobrás;0;1
Foca no Marina vs Bolsonaro que você ganha dinheiro;0;1
Recurso de Lula é negado por unanimidade pela 2ª Turma do STF;0;1
pessoal falando de Bolsonaro pleno exame admissional É DE CAIR O CU DA BUNDA NÉ;0;1
mas pedrinho tem o partido comunista p votar nem psdb nem bolsonaro mas td bem n esperava mais de vc;0;1
Putz concordamos 300 mas a minha questão é O Golpe deixará Lula ser candidato;0;1
A alta carga tributária aliada aos problemas já conhecidos por todos nós na Petrobras durante essa gestão da chapa…;0;1
Vídeo mostra Lula explicando como usou a igreja para chegar ao poder;0;1
LULA TERÁ VAQUINHA VIRTUAL E COMITÊ FÍSICO DE CAMPANHA EM SÃO PAULO Para o PT é Lula ou nada via;0;0
Lula e o PT nunca tiveram preocupação com o partido e o pais Enquanto Lula enganava o povo com se…;0;1
Dilma e demais petistas irritados com o fato da Petrobras ter voltado a ser a empresa mais valiosa da América Latina;0;1
CUIDADO Canalhas MUDAM DE PARTIDO se descolam do GOLPE E TEMER será que usarão FOTOS COM LULA em suas campa…;0;1
O Brasil está parando Isso é perigoso Muitos querem que as eleições não ocorram e a lavajato morra;0;1
Bolsonaro é muito útil nessa época de gasolina cara kkkkkkk;0;1
Sem Lula Bolsonaro lidera em todos os cenários indica pesquisa CNT/MDA;1;0
QUANDO NÃO SE CONSEGUE VENCER COMEÇA A INVENTAR COISAS PARA DESTRUIR O PAIS E AQUELES QUE AINDA SOBRARAM...COVARDE.…;0;1
Haddad denunciado e Alckmin blindado;0;1
Bandido Canalha Asqueroso;0;1
Que horror!Brasileiro é crédulo Sempre crê em Salvador da Pátria Creu em Jânio creu em Collor…;0;1
AGORA O JUIZ SÉRGIO MORO FOI LONGE DEMAIS;0;1
Nem preso seguram o Lula;0;1
o sucesso da estratégia de lula;1;0
Retweeted Lelê MORO Bolsominion A PF cumpre nesta sextafeira 15 mandados de busca e apreensão…;0;1
Reitor de Aparecida se desculpa após pedir que Nossa Senhora abençoe Lula;0;1
Folha Política Juiz Sérgio Moro vai receber delação da JBSFriboi;0;0
RN POLITICA EM DIA MARINA SILVA CANCELA PARTICIPAÇÃO EM SABATINA POR;0;1
Não li nenhuma palavra de solidariedade à esposa do espancador de mulheres indicado por Dilma Rousse…;0;1
O povo paulista até pode ser pragmático mas esta de saco cheio do Alckmin Já deu Pegou ranço;0;1
Caminhoneiro fez protesto para tirar a Dilma agora chora;0;0
Geisel Bolsonaro e a servidão aos EUA Por Carlos Fernandes;0;0